conversation_id,question_id,question,answer,source
1,1,Google Cloud 的 N4A 虛擬機器有什麼特色？,"Google Cloud 的 N4A 虛擬機器是目前最具成本效益的 N 系列虛擬機器服務，也是第二批採用 Axion 處理器的通用虛擬機器。相較於主流 x86 架構的虛擬機器，N4A 提供兩倍的性價比，並且能源使用效率每瓦領先 80%。

在應用方面，N4A 在處理運算密集型工作負載時，效能比 x86 虛擬機器高出 5%；一般用途的資料庫系統 (MySQL) 領先 20%；承載 Java 應用系統 (SPECjbb2015) 成本效益高出 85%；橫向擴展規模的網站伺服器系統（Google 內部 Nginx 反向代理測試）領先 90%；單就 CPU 運算效能 (SPECrate2017 整數運算) 而言，性價比高達 205%。

N4A 採用最新一代 Google Axion 處理器，內建 Arm Neoverse N3 平台運算核心，並整合 Google 動態資源管理技術和 Titanium 網路與儲存工作卸載技術。
","['data_04.txt', 'data_04.txt', 'data_04.txt']"
1,2,它跟上一代的 C4A 有什麼不同？,目前提供的資料中沒有關於 C4A 的資訊，因此無法直接比較 N4A 與 C4A 之間的差異。不過，N4A 的資料重點在於它採用了新的 Axion 處理器，帶來更高的性價比和能源效率，以及在不同工作負載上的效能提升。因此可以推測，N4A 的主要進步是來自於硬體和技術上的更新，相較於前一代產品。若要詳細比較兩者的差異，可能需要更多關於 C4A 的資訊。,"['data_04.txt', 'data_04.txt', 'data_04.txt']"
1,3,那目前可以在哪些地區使用這個服務？,目前提供的資料中並未提及 N4A 虛擬機器可以在哪些地區使用。要確認目前可使用的地區，建議您直接參考 Google Cloud 的官方文件或聯絡 Google Cloud 的支援團隊以獲取最準確的資訊。,"['data_04.txt', 'data_04.txt', 'data_04.txt']"
2,1,最近去日本旅遊天氣要注意什麼？,"日本最近天氣很冷，而且常常下大雪，現在正好是第二波流感流行期，不只A型H3N2，還有B型流感。建議您如果最近要去日本旅遊，要注意保暖，並小心風雪，同時也要注意流感疫情，做好防疫措施喔！

（目前是2026年2月9日，根據氣象資料，這幾天東亞、東北亞的冷空氣會特別強，日本可能會出現強風、降雪甚至暴風雪，天氣狀況不佳。）
","['data_03.txt', 'data_03.txt', 'data_01.txt']"
2,2,那邊現在有流感疫情嗎？,目前台灣和日本都開始了這個秋冬的第二波流感流行。日本的九州還在流行，原本趨緩的關東地區，特別是東京周邊的縣份又開始出現病例增加。全日本47個都道府縣中，有38個都道府縣超過10人感染，而且有42個都道府縣的患者數比前一週增加。目前主要流行的病毒型別是A型H3，占74%，B型流感則占26%，B型流感的比例明顯增加。,"['data_03.txt', 'data_03.txt', 'data_03.txt']"
2,3,東京的情況嚴重嗎？,東京目前比較流行的區域包括八王子市、町田市、中野區、豐島區、北區、荒川區以及江東區。雖然全日本多數地區都有病例，但東京的幾個區域確實出現了較多的感染案例。,"['data_03.txt', 'data_03.txt', 'data_02.txt']"
